Duration,Date,Pulse,Maxpulse,Calories,Calories_Per_Minute,Intensity
60,2020-12-01,110,130,409.1,6.82,High
60,2020-12-02,117,145,479.0,7.98,High
60,2020-12-03,103,135,340.0,5.67,Moderate
45,2020-12-04,109,175,282.4,6.28,Moderate
45,2020-12-05,117,148,406.0,9.02,High
60,2020-12-06,102,127,300.0,5.0,Moderate
60,2020-12-07,110,136,374.0,6.23,High
30,2020-12-09,109,133,195.1,6.5,Moderate
60,2020-12-10,98,124,269.0,4.48,Low
60,2020-12-11,103,147,329.3,5.49,Moderate
60,2020-12-12,100,120,250.7,4.18,Moderate
60,2020-12-13,106,128,345.3,5.76,Moderate
60,2020-12-14,104,132,379.3,6.32,Moderate
60,2020-12-15,98,123,275.0,4.58,Low
60,2020-12-16,98,120,215.2,3.59,Low
60,2020-12-17,100,120,300.0,5.0,Moderate
45,2020-12-18,90,112,300.0,6.67,Low
60,2020-12-19,103,123,323.0,5.38,Moderate
45,2020-12-20,97,125,243.0,5.4,Low
60,2020-12-21,108,131,364.2,6.07,Moderate
45,2020-12-22,100,119,282.0,6.27,Moderate
45,2020-12-24,105,132,246.0,5.47,Moderate
60,2020-12-25,102,126,334.5,5.58,Moderate
60,2020-12-26,100,120,250.0,4.17,Moderate
60,2020-12-27,92,118,241.0,4.02,Low
60,2020-12-28,103,132,300.0,5.0,Moderate
60,2020-12-29,100,132,280.0,4.67,Moderate
60,2020-12-30,102,129,380.3,6.34,Moderate
60,2020-12-31,92,115,243.0,4.05,Low
